"","from","to"
"1","1","2"
"2","1","3"
"3","1","4"
"4","1","5"
"5","1","6"
"6","1","7"
"7","1","8"
"8","1","a"
"9","1","c"
"10","1","d"
"11","1","e"
"12","1","f"
"13","1","j"
"14","1","l"
"15","1","n"
"16","1","x"
"17","2","3"
"18","2","4"
"19","2","8"
"20","2","f"
"21","2","j"
"22","2","l"
"23","2","n"
"24","2","w"
"25","3","4"
"26","3","8"
"27","3","t"
"28","3","u"
"29","3","y"
"30","3","b"
"31","3","a"
"32","3","f"
"33","4","8"
"34","4","e"
"35","4","f"
"36","5","7"
"37","5","c"
"38","6","7"
"39","6","c"
"40","6","i"
"41","7","i"
"42","a","w"
"43","a","y"
"44","a","z"
"45","b","z"
"46","f","z"
"47","g","y"
"48","g","z"
"49","h","y"
"50","h","z"
"51","k","y"
"52","k","z"
"53","l","z"
"54","m","y"
"55","m","z"
"56","o","y"
"57","o","z"
"58","p","r"
"59","p","t"
"60","p","y"
"61","p","z"
"62","p","v"
"63","q","r"
"64","q","t"
"65","q","x"
"66","r","x"
"67","s","v"
"68","s","z"
"69","t","z"
"70","u","x"
"71","u","z"
"72","v","y"
"73","v","z"
"74","w","y"
"75","w","z"
"76","x","y"
"77","x","z"
"78","y","z"
